index--p5bJXXpQgvPz6yvQMFiy,invoice_number,invoice_date,due_date,seller_information,buyer_information,purchase_order_number,products_services,quantities,unit_prices,sub_total,service_charges,net_total,discount,tax,tax_rate,shipping_costs,grand_total,currency,payment_terms,payment_method,bank_information,invoice_notes,shipping_address,billing_address
0,INV001,2023-06-20 00:00:00,2023-07-23 00:00:00,"Seller 1, 503 Seller St, City, State, 78612, +1-555-7195","Buyer 1, 100 Buyer Ave, City, State, 28617, +1-555-1771",PO8100,"Pens, Note Bottles, Bulb","7, 1, 2","85, 100, 424",1543,75,1618,19,201.6,25.66,27,2468.6,INR,Net 30,RTGS,"Bank: XYZ Bank, Acc: 245319128, SWIFT: XYZUS33",Thanks for your business!,"135 Buyer Ave, City, State, 96877","135 Buyer Ave, City, State, 96877"
1,INV002,2023-12-27 00:00:00,2024-01-18 00:00:00,"Seller 2, 519 Seller St, City, State, 34232, +1-555-4792","Buyer 2, 203 Buyer Ave, City, State, 65579, +1-555-9545",PO2080," Bottles, Bulb, Mouse","10, 9, 2","89, 153, 450",3167,38,3205,45,109.62,6.17,33,1360.62,INR,Net 30,Debit Card,"Bank: XYZ Bank, Acc: 455784724, SWIFT: XYZUS33",Thanks for your business!,"149 Buyer Ave, City, State, 31623","149 Buyer Ave, City, State, 31623"
2,INV003,2023-03-12 00:00:00,2023-04-05 00:00:00,"Seller 3, 923 Seller St, City, State, 42982, +1-555-1261","Buyer 3, 923 Buyer Ave, City, State, 23427, +1-555-5198",PO2236,"Action Figure, Puzzle ","12, 8, 5","48, 88, 160",2080,13,2093,83,102.15,26.1,34,1271.15,INR,Net 30,Debit Card,"Bank: XYZ Bank, Acc: 500198059, SWIFT: XYZUS33",Thanks for your business!,"193 Buyer Ave, City, State, 68047","193 Buyer Ave, City, State, 68047"
3,INV004,2023-03-12 00:00:00,2023-04-11 00:00:00,"Seller 4, 467 Seller St, City, State, 52958, +1-555-8220","Buyer 4, 140 Buyer Ave, City, State, 72516, +1-555-4883",PO8171,"Shirt, Pants, Jacket","5, 4, 1","76, 59, 289",905,52,957,48,246.42,12.19,34,3018.42,INR,Net 30,RTGS,"Bank: XYZ Bank, Acc: 100232624, SWIFT: XYZUS33",Thanks for your business!,"695 Buyer Ave, City, State, 76229","695 Buyer Ave, City, State, 76229"
4,INV005,2023-09-10 00:00:00,2023-09-27 00:00:00,"Seller 5, 139 Seller St, City, State, 39144, +1-555-7231","Buyer 5, 680 Buyer Ave, City, State, 70649, +1-555-1488",PO6081,"Table, Chair, Desk","6, 2, 3","94, 60, 355",1749,83,1832,61,165.78,22.99,23,2030.78,INR,Net 30,RTGS,"Bank: XYZ Bank, Acc: 911893567, SWIFT: XYZUS33",Thanks for your business!,"747 Buyer Ave, City, State, 33476","747 Buyer Ave, City, State, 33476"
5,INV006,2023-03-02 00:00:00,2023-04-07 00:00:00,"Seller 6, 183 Seller St, City, State, 50689, +1-555-1261","Buyer 6, 285 Buyer Ave, City, State, 69180, +1-555-1807",PO2631,"Shirt, Pants, Jacket","18, 3, 2","89, 152, 442",2942,73,3015,37,302.31,9.69,43,3704.31,INR,Net 30,UPI,"Bank: XYZ Bank, Acc: 510094146, SWIFT: XYZUS33",Thanks for your business!,"201 Buyer Ave, City, State, 78746","201 Buyer Ave, City, State, 78746"
6,INV007,2023-12-31 00:00:00,2024-01-16 00:00:00,"Seller 7, 153 Seller St, City, State, 41981, +1-555-7874","Buyer 7, 387 Buyer Ave, City, State, 69237, +1-555-7723",PO3045,"Rice, Noodles, Cheese","1, 6, 5","83, 180, 418",3253,93,3346,95,337.41,29.38,47,4133.41,INR,Net 30,Debit Card,"Bank: XYZ Bank, Acc: 308779873, SWIFT: XYZUS33",Thanks for your business!,"612 Buyer Ave, City, State, 56534","612 Buyer Ave, City, State, 56534"
7,INV008,2023-04-15 00:00:00,2023-05-23 00:00:00,"Seller 8, 903 Seller St, City, State, 33807, +1-555-6364","Buyer 8, 311 Buyer Ave, City, State, 44599, +1-555-6300",PO2993,"Camera, Watch, Mouse","13, 7, 5","71, 138, 298",3379,15,3394,22,176.4,21.81,46,2182.4,INR,Net 30,Internet Banking,"Bank: XYZ Bank, Acc: 495730880, SWIFT: XYZUS33",Thanks for your business!,"909 Buyer Ave, City, State, 10353","909 Buyer Ave, City, State, 10353"
8,INV009,2023-10-26 00:00:00,2023-12-02 00:00:00,"Seller 9, 479 Seller St, City, State, 70570, +1-555-9824","Buyer 9, 496 Buyer Ave, City, State, 98319, +1-555-9430",PO2866,"TV, Toaster, Hairdryer","10, 1, 3","40, 146, 425",1821,40,1861,23,120.87,29.58,35,1498.87,INR,Net 30,Internet Banking,"Bank: XYZ Bank, Acc: 705569106, SWIFT: XYZUS33",Thanks for your business!,"161 Buyer Ave, City, State, 35511","161 Buyer Ave, City, State, 35511"
9,INV010,2023-08-06 00:00:00,2023-09-07 00:00:00,"Seller 10, 651 Seller St, City, State, 87179, +1-555-6887","Buyer 10, 77 Buyer Ave, City, State, 60478, +1-555-9554",PO6155,"Action Figure, Puzzle ","6, 9, 2","82, 167, 381",2757,90,2847,37,323.82,16.27,21,3942.82,INR,Net 30,NEFT,"Bank: XYZ Bank, Acc: 667685626, SWIFT: XYZUS33",Thanks for your business!,"325 Buyer Ave, City, State, 92522","325 Buyer Ave, City, State, 92522"
10,INV011,2023-07-17 00:00:00,2023-08-08 00:00:00,"Seller 11, 892 Seller St, City, State, 80240, +1-555-4349","Buyer 11, 928 Buyer Ave, City, State, 85117, +1-555-1157",PO5865,"Action Figure, Puzzle ","12, 7, 5","94, 192, 154",3242,91,3333,87,334.35,10.15,31,4080.35,INR,Net 30,RTGS,"Bank: XYZ Bank, Acc: 102011419, SWIFT: XYZUS33",Thanks for your business!,"285 Buyer Ave, City, State, 48674","285 Buyer Ave, City, State, 48674"
11,INV012,2023-09-13 00:00:00,2023-10-01 00:00:00,"Seller 12, 812 Seller St, City, State, 42178, +1-555-6487","Buyer 12, 323 Buyer Ave, City, State, 13118, +1-555-7183",PO8813,"Camera, Watch, Mouse","16, 5, 4","23, 171, 240",2183,81,2264,40,361.35,27.87,47,4423.35,INR,Net 30,Credit Card,"Bank: XYZ Bank, Acc: 730172763, SWIFT: XYZUS33",Thanks for your business!,"819 Buyer Ave, City, State, 54611","819 Buyer Ave, City, State, 54611"
12,INV013,2023-12-18 00:00:00,2024-01-13 00:00:00,"Seller 13, 55 Seller St, City, State, 51184, +1-555-6420","Buyer 13, 580 Buyer Ave, City, State, 17421, +1-555-4056",PO3114,"Table, Chair, Desk","7, 9, 5","36, 147, 486",4005,95,4100,26,226.71,24.74,35,2780.71,INR,Net 30,Credit Card,"Bank: XYZ Bank, Acc: 708836488, SWIFT: XYZUS33",Thanks for your business!,"72 Buyer Ave, City, State, 43886","72 Buyer Ave, City, State, 43886"
13,INV014,2023-11-24 00:00:00,2023-12-22 00:00:00,"Seller 14, 678 Seller St, City, State, 60656, +1-555-2166","Buyer 14, 790 Buyer Ave, City, State, 26243, +1-555-3995",PO8783,"Shirt, Pants, Jacket","20, 7, 4","74, 106, 416",3886,24,3910,76,201.69,27.57,36,2478.69,INR,Net 30,UPI,"Bank: XYZ Bank, Acc: 290301713, SWIFT: XYZUS33",Thanks for your business!,"345 Buyer Ave, City, State, 17485","345 Buyer Ave, City, State, 17485"
14,INV015,2023-04-30 00:00:00,2023-06-06 00:00:00,"Seller 15, 73 Seller St, City, State, 15627, +1-555-9191","Buyer 15, 632 Buyer Ave, City, State, 40720, +1-555-3528",PO8457," Bottles, Bulb, Mouse","19, 5, 3","26, 169, 363",2428,100,2528,40,402.03,8.49,13,4882.03,INR,Net 30,Debit Card,"Bank: XYZ Bank, Acc: 951310319, SWIFT: XYZUS33",Thanks for your business!,"867 Buyer Ave, City, State, 92173","867 Buyer Ave, City, State, 92173"
15,INV016,2023-10-21 00:00:00,2023-11-08 00:00:00,"Seller 16, 709 Seller St, City, State, 13014, +1-555-3861","Buyer 16, 93 Buyer Ave, City, State, 74181, +1-555-8258",PO6065," Bottles, Bulb, Mouse","18, 1, 3","83, 100, 152",2050,23,2073,40,148.41,9.1,25,1822.41,INR,Net 30,Credit Card,"Bank: XYZ Bank, Acc: 348058402, SWIFT: XYZUS33",Thanks for your business!,"156 Buyer Ave, City, State, 65179","156 Buyer Ave, City, State, 65179"
16,INV017,2023-07-11 00:00:00,2023-08-08 00:00:00,"Seller 17, 659 Seller St, City, State, 64132, +1-555-4471","Buyer 17, 64 Buyer Ave, City, State, 56424, +1-555-3863",PO9656," Bottles, Bulb, Mouse","9, 3, 2","84, 81, 195",1389,70,1459,85,205.83,9.19,15,2507.83,INR,Net 30,RTGS,"Bank: XYZ Bank, Acc: 317056377, SWIFT: XYZUS33",Thanks for your business!,"969 Buyer Ave, City, State, 86681","969 Buyer Ave, City, State, 86681"
17,INV018,2023-11-20 00:00:00,2023-12-20 00:00:00,"Seller 18, 116 Seller St, City, State, 38489, +1-555-6019","Buyer 18, 263 Buyer Ave, City, State, 24322, +1-555-1152",PO2002,"Camera, Watch, Mouse","18, 6, 5","62, 81, 110",2152,82,2234,100,120.51,13.23,10,1469.51,INR,Net 30,Debit Card,"Bank: XYZ Bank, Acc: 666815748, SWIFT: XYZUS33",Thanks for your business!,"834 Buyer Ave, City, State, 92914","834 Buyer Ave, City, State, 92914"
18,INV019,2023-06-05 00:00:00,2023-07-13 00:00:00,"Seller 19, 712 Seller St, City, State, 96562, +1-555-1341","Buyer 19, 962 Buyer Ave, City, State, 84355, +1-555-2886",PO6379,"Bulb, Mouse, Pendrives","2, 8, 2","45, 128, 283",1680,92,1772,91,415.35,25.27,25,5055.35,INR,Net 30,NEFT,"Bank: XYZ Bank, Acc: 200485707, SWIFT: XYZUS33",Thanks for your business!,"836 Buyer Ave, City, State, 72458","836 Buyer Ave, City, State, 72458"
19,INV020,2023-09-08 00:00:00,2023-10-05 00:00:00,"Seller 20, 967 Seller St, City, State, 84981, +1-555-3579","Buyer 20, 486 Buyer Ave, City, State, 51966, +1-555-2222",PO1960,"Action Figure, Puzzle ","15, 7, 4","99, 136, 193",3209,21,3230,18,224.64,19.12,30,2750.64,INR,Net 30,Debit Card,"Bank: XYZ Bank, Acc: 506608858, SWIFT: XYZUS33",Thanks for your business!,"637 Buyer Ave, City, State, 78453","637 Buyer Ave, City, State, 78453"
20,INV021,2023-02-27 00:00:00,2023-03-19 00:00:00,"Seller 21, 623 Seller St, City, State, 48370, +1-555-4974","Buyer 21, 79 Buyer Ave, City, State, 57515, +1-555-4930",PO7935,"TV, Toaster, Hairdryer","4, 7, 3","41, 54, 480",1982,97,2079,74,310.23,6.2,29,3786.23,INR,Net 30,Credit Card,"Bank: XYZ Bank, Acc: 244625238, SWIFT: XYZUS33",Thanks for your business!,"882 Buyer Ave, City, State, 68201","882 Buyer Ave, City, State, 68201"
21,INV022,2023-12-15 00:00:00,2024-01-18 00:00:00,"Seller 22, 798 Seller St, City, State, 73516, +1-555-8270","Buyer 22, 195 Buyer Ave, City, State, 18086, +1-555-6642",PO1822,"Action Figure, Puzzle ","3, 4, 2","50, 63, 236",874,73,947,31,372.24,17.53,26,4534.24,INR,Net 30,UPI,"Bank: XYZ Bank, Acc: 564368251, SWIFT: XYZUS33",Thanks for your business!,"587 Buyer Ave, City, State, 40320","587 Buyer Ave, City, State, 40320"
22,INV023,2023-05-12 00:00:00,2023-06-13 00:00:00,"Seller 23, 422 Seller St, City, State, 50948, +1-555-8950","Buyer 23, 996 Buyer Ave, City, State, 37244, +1-555-5421",PO3351,"Table, Chair, Desk","13, 8, 1","78, 111, 253",2155,51,2206,51,384.12,9.45,19,4671.12,INR,Net 30,UPI,"Bank: XYZ Bank, Acc: 193934440, SWIFT: XYZUS33",Thanks for your business!,"440 Buyer Ave, City, State, 87469","440 Buyer Ave, City, State, 87469"
23,INV024,2023-06-14 00:00:00,2023-07-13 00:00:00,"Seller 24, 695 Seller St, City, State, 31365, +1-555-2037","Buyer 24, 155 Buyer Ave, City, State, 32272, +1-555-6573",PO3896,"Table, Chair, Desk","11, 7, 2","64, 177, 202",2347,58,2405,98,106.65,24.86,33,1324.65,INR,Net 30,Debit Card,"Bank: XYZ Bank, Acc: 505519181, SWIFT: XYZUS33",Thanks for your business!,"388 Buyer Ave, City, State, 26453","388 Buyer Ave, City, State, 26453"
24,INV025,2023-01-08 00:00:00,2023-02-13 00:00:00,"Seller 25, 383 Seller St, City, State, 91551, +1-555-1907","Buyer 25, 978 Buyer Ave, City, State, 40229, +1-555-3544",PO8471,"Camera, Watch, Mouse","4, 9, 5","48, 164, 126",2298,10,2308,35,377.91,12.46,37,4613.91,INR,Net 30,Internet Banking,"Bank: XYZ Bank, Acc: 623665522, SWIFT: XYZUS33",Thanks for your business!,"277 Buyer Ave, City, State, 69475","277 Buyer Ave, City, State, 69475"
25,INV026,2023-10-25 00:00:00,2023-11-23 00:00:00,"Seller 26, 567 Seller St, City, State, 66102, +1-555-2112","Buyer 26, 856 Buyer Ave, City, State, 17341, +1-555-6154",PO1730,"TV, Toaster, Hairdryer","15, 5, 2","43, 140, 247",1839,35,1874,18,257.13,25.29,22,3136.13,INR,Net 30,RTGS,"Bank: XYZ Bank, Acc: 329089616, SWIFT: XYZUS33",Thanks for your business!,"884 Buyer Ave, City, State, 10883","884 Buyer Ave, City, State, 10883"
26,INV027,2023-04-15 00:00:00,2023-05-17 00:00:00,"Seller 27, 210 Seller St, City, State, 24556, +1-555-9141","Buyer 27, 483 Buyer Ave, City, State, 84741, +1-555-3828",PO7891,"TV, Toaster, Hairdryer","12, 8, 4","30, 136, 343",2820,47,2867,65,410.85,27.03,45,5020.85,INR,Net 30,Debit Card,"Bank: XYZ Bank, Acc: 129996248, SWIFT: XYZUS33",Thanks for your business!,"712 Buyer Ave, City, State, 67756","712 Buyer Ave, City, State, 67756"
27,INV028,2023-05-07 00:00:00,2023-05-23 00:00:00,"Seller 28, 698 Seller St, City, State, 30945, +1-555-9524","Buyer 28, 803 Buyer Ave, City, State, 74477, +1-555-1093",PO7909,"Rice, Noodles, Cheese","13, 4, 3","93, 77, 416",2765,61,2826,29,446.04,22.2,19,5421.04,INR,Net 30,RTGS,"Bank: XYZ Bank, Acc: 484243311, SWIFT: XYZUS33",Thanks for your business!,"294 Buyer Ave, City, State, 95704","294 Buyer Ave, City, State, 95704"
28,INV029,2023-11-01 00:00:00,2023-11-25 00:00:00,"Seller 29, 253 Seller St, City, State, 84193, +1-555-3243","Buyer 29, 796 Buyer Ave, City, State, 59345, +1-555-4408",PO3680,"Shirt, Pants, Jacket","11, 7, 1","31, 66, 210",1013,85,1098,67,393.39,27.36,16,4780.39,INR,Net 30,Debit Card,"Bank: XYZ Bank, Acc: 634119434, SWIFT: XYZUS33",Thanks for your business!,"60 Buyer Ave, City, State, 61743","60 Buyer Ave, City, State, 61743"
29,INV030,2023-03-08 00:00:00,2023-04-06 00:00:00,"Seller 30, 51 Seller St, City, State, 26887, +1-555-8496","Buyer 30, 98 Buyer Ave, City, State, 67558, +1-555-3784",PO5881,"Camera, Watch, Mouse","1, 9, 5","36, 79, 403",2762,95,2857,58,380.97,10.08,39,4652.97,INR,Net 30,UPI,"Bank: XYZ Bank, Acc: 502596127, SWIFT: XYZUS33",Thanks for your business!,"991 Buyer Ave, City, State, 22104","991 Buyer Ave, City, State, 22104"
30,INV031,2023-01-01 00:00:00,2023-01-17 00:00:00,"Seller 31, 867 Seller St, City, State, 85581, +1-555-7501","Buyer 31, 433 Buyer Ave, City, State, 51318, +1-555-5830",PO2145,"Table, Chair, Desk","6, 10, 5","93, 60, 286",2588,68,2656,92,213.12,19.41,20,2601.12,INR,Net 30,Debit Card,"Bank: XYZ Bank, Acc: 470297996, SWIFT: XYZUS33",Thanks for your business!,"74 Buyer Ave, City, State, 78506","74 Buyer Ave, City, State, 78506"
31,INV032,2023-12-27 00:00:00,2024-01-15 00:00:00,"Seller 32, 654 Seller St, City, State, 38331, +1-555-2967","Buyer 32, 600 Buyer Ave, City, State, 78201, +1-555-9325",PO7924,"Rice, Noodles, Cheese","13, 6, 3","58, 93, 179",1849,26,1875,77,254.7,27.98,12,3096.7,INR,Net 30,Debit Card,"Bank: XYZ Bank, Acc: 731040194, SWIFT: XYZUS33",Thanks for your business!,"949 Buyer Ave, City, State, 57688","949 Buyer Ave, City, State, 57688"
32,INV033,2023-07-28 00:00:00,2023-08-25 00:00:00,"Seller 33, 350 Seller St, City, State, 94604, +1-555-6963","Buyer 33, 549 Buyer Ave, City, State, 75194, +1-555-8729",PO5871,"Camera, Watch, Mouse","9, 3, 4","20, 76, 114",864,77,941,32,97.29,5.82,12,1190.29,INR,Net 30,UPI,"Bank: XYZ Bank, Acc: 915828339, SWIFT: XYZUS33",Thanks for your business!,"443 Buyer Ave, City, State, 17441","443 Buyer Ave, City, State, 17441"
33,INV034,2023-08-01 00:00:00,2023-09-01 00:00:00,"Seller 34, 732 Seller St, City, State, 17290, +1-555-1391","Buyer 34, 638 Buyer Ave, City, State, 94308, +1-555-5244",PO9139," Bottles, Bulb, Mouse","15, 4, 1","65, 198, 367",2134,89,2223,26,387.9,19.57,27,4724.9,INR,Net 30,UPI,"Bank: XYZ Bank, Acc: 946545578, SWIFT: XYZUS33",Thanks for your business!,"563 Buyer Ave, City, State, 64835","563 Buyer Ave, City, State, 64835"
34,INV035,2023-06-18 00:00:00,2023-07-26 00:00:00,"Seller 35, 752 Seller St, City, State, 20326, +1-555-3641","Buyer 35, 96 Buyer Ave, City, State, 37326, +1-555-1735",PO3773,"Action Figure, Puzzle ","2, 2, 1","60, 60, 123",363,59,422,83,429.39,27.98,31,5231.39,INR,Net 30,Credit Card,"Bank: XYZ Bank, Acc: 778472160, SWIFT: XYZUS33",Thanks for your business!,"815 Buyer Ave, City, State, 15514","815 Buyer Ave, City, State, 15514"
35,INV036,2023-09-03 00:00:00,2023-10-12 00:00:00,"Seller 36, 495 Seller St, City, State, 35065, +1-555-1521","Buyer 36, 812 Buyer Ave, City, State, 48050, +1-555-9955",PO8325,"Bulb, Mouse, Pendrives","12, 5, 5","44, 114, 201",2103,78,2181,92,276.21,20.38,28,3373.21,INR,Net 30,UPI,"Bank: XYZ Bank, Acc: 492613429, SWIFT: XYZUS33",Thanks for your business!,"849 Buyer Ave, City, State, 35820","849 Buyer Ave, City, State, 35820"
36,INV037,2023-05-02 00:00:00,2023-06-14 00:00:00,"Seller 37, 740 Seller St, City, State, 21254, +1-555-1160","Buyer 37, 476 Buyer Ave, City, State, 82026, +1-555-8298",PO9583," Bottles, Bulb, Mouse","3, 2, 4","85, 136, 205",1347,79,1426,65,238.95,25.78,21,2914.95,INR,Net 30,Internet Banking,"Bank: XYZ Bank, Acc: 597624534, SWIFT: XYZUS33",Thanks for your business!,"640 Buyer Ave, City, State, 90363","640 Buyer Ave, City, State, 90363"
37,INV038,2023-05-02 00:00:00,2023-05-25 00:00:00,"Seller 38, 326 Seller St, City, State, 31986, +1-555-2394","Buyer 38, 250 Buyer Ave, City, State, 28752, +1-555-9751",PO3790,"Rice, Noodles, Cheese","2, 9, 5","42, 81, 364",2633,55,2688,54,377.64,22.44,15,4588.64,INR,Net 30,UPI,"Bank: XYZ Bank, Acc: 695586377, SWIFT: XYZUS33",Thanks for your business!,"601 Buyer Ave, City, State, 80817","601 Buyer Ave, City, State, 80817"
38,INV039,2023-12-01 00:00:00,2024-01-08 00:00:00,"Seller 39, 46 Seller St, City, State, 63510, +1-555-8225","Buyer 39, 75 Buyer Ave, City, State, 50284, +1-555-6818",PO8969,"Table, Chair, Desk","3, 1, 2","58, 60, 396",1026,25,1051,97,434.07,26.03,40,5297.07,INR,Net 30,Credit Card,"Bank: XYZ Bank, Acc: 353204877, SWIFT: XYZUS33",Thanks for your business!,"137 Buyer Ave, City, State, 28380","137 Buyer Ave, City, State, 28380"
39,INV040,2023-10-27 00:00:00,2023-11-13 00:00:00,"Seller 40, 692 Seller St, City, State, 71116, +1-555-8461","Buyer 40, 201 Buyer Ave, City, State, 85721, +1-555-9224",PO4340,"Camera, Watch, Mouse","5, 4, 4","24, 121, 123",1096,30,1126,23,376.47,28.11,12,4571.47,INR,Net 30,UPI,"Bank: XYZ Bank, Acc: 716494434, SWIFT: XYZUS33",Thanks for your business!,"791 Buyer Ave, City, State, 14204","791 Buyer Ave, City, State, 14204"
40,INV041,2023-04-28 00:00:00,2023-06-07 00:00:00,"Seller 41, 388 Seller St, City, State, 12412, +1-555-6137","Buyer 41, 426 Buyer Ave, City, State, 70639, +1-555-1177",PO1159,"Action Figure, Puzzle ","1, 1, 2","49, 78, 470",1067,75,1142,98,224.19,9.49,41,2756.19,INR,Net 30,RTGS,"Bank: XYZ Bank, Acc: 697491646, SWIFT: XYZUS33",Thanks for your business!,"569 Buyer Ave, City, State, 11861","569 Buyer Ave, City, State, 11861"
41,INV042,2023-09-27 00:00:00,2023-11-04 00:00:00,"Seller 42, 728 Seller St, City, State, 77996, +1-555-7979","Buyer 42, 262 Buyer Ave, City, State, 37368, +1-555-6637",PO2616,"Bulb, Mouse, Pendrives","2, 1, 2","22, 63, 375",857,45,902,88,445.32,9.92,27,5420.32,INR,Net 30,Debit Card,"Bank: XYZ Bank, Acc: 665505682, SWIFT: XYZUS33",Thanks for your business!,"799 Buyer Ave, City, State, 35969","799 Buyer Ave, City, State, 35969"
42,INV043,2023-12-30 00:00:00,2024-01-30 00:00:00,"Seller 43, 553 Seller St, City, State, 15261, +1-555-8555","Buyer 43, 226 Buyer Ave, City, State, 92970, +1-555-2127",PO9963,"TV, Toaster, Hairdryer","12, 6, 5","49, 53, 378",2796,78,2874,52,403.92,18.55,36,4927.92,INR,Net 30,Internet Banking,"Bank: XYZ Bank, Acc: 450402584, SWIFT: XYZUS33",Thanks for your business!,"452 Buyer Ave, City, State, 12427","452 Buyer Ave, City, State, 12427"
43,INV044,2023-03-08 00:00:00,2023-03-28 00:00:00,"Seller 44, 210 Seller St, City, State, 57065, +1-555-3103","Buyer 44, 361 Buyer Ave, City, State, 19058, +1-555-8286",PO6683,"Rice, Noodles, Cheese","1, 4, 3","75, 124, 432",1867,93,1960,94,335.16,29.31,42,4101.16,INR,Net 30,NEFT,"Bank: XYZ Bank, Acc: 197325239, SWIFT: XYZUS33",Thanks for your business!,"462 Buyer Ave, City, State, 51736","462 Buyer Ave, City, State, 51736"
44,INV045,2023-01-02 00:00:00,2023-01-23 00:00:00,"Seller 45, 288 Seller St, City, State, 29335, +1-555-6658","Buyer 45, 393 Buyer Ave, City, State, 98851, +1-555-3904",PO2784,"Camera, Watch, Mouse","12, 7, 1","56, 91, 321",1630,13,1643,30,252.45,12.54,16,3073.45,INR,Net 30,NEFT,"Bank: XYZ Bank, Acc: 392220849, SWIFT: XYZUS33",Thanks for your business!,"179 Buyer Ave, City, State, 33366","179 Buyer Ave, City, State, 33366"
45,INV046,2023-01-17 00:00:00,2023-02-10 00:00:00,"Seller 46, 602 Seller St, City, State, 75345, +1-555-2652","Buyer 46, 177 Buyer Ave, City, State, 80352, +1-555-6608",PO9599,"Shirt, Pants, Jacket","13, 9, 4","55, 123, 444",3598,34,3632,55,339.75,28.95,28,4142.75,INR,Net 30,RTGS,"Bank: XYZ Bank, Acc: 898291655, SWIFT: XYZUS33",Thanks for your business!,"623 Buyer Ave, City, State, 11854","623 Buyer Ave, City, State, 11854"
46,INV047,2023-05-02 00:00:00,2023-06-06 00:00:00,"Seller 47, 713 Seller St, City, State, 13543, +1-555-9267","Buyer 47, 555 Buyer Ave, City, State, 68451, +1-555-8864",PO3405,"Shirt, Pants, Jacket","13, 2, 4","64, 62, 125",1456,59,1515,28,146.88,5.29,25,1803.88,INR,Net 30,Debit Card,"Bank: XYZ Bank, Acc: 412800547, SWIFT: XYZUS33",Thanks for your business!,"792 Buyer Ave, City, State, 10357","792 Buyer Ave, City, State, 10357"
47,INV048,2023-05-31 00:00:00,2023-07-10 00:00:00,"Seller 48, 485 Seller St, City, State, 69582, +1-555-7677","Buyer 48, 589 Buyer Ave, City, State, 84765, +1-555-6459",PO5123,"Rice, Noodles, Cheese","13, 3, 5","66, 123, 262",2537,98,2635,73,425.97,10.21,46,5204.97,INR,Net 30,RTGS,"Bank: XYZ Bank, Acc: 128918855, SWIFT: XYZUS33",Thanks for your business!,"350 Buyer Ave, City, State, 10358","350 Buyer Ave, City, State, 10358"
48,INV049,2023-01-06 00:00:00,2023-02-05 00:00:00,"Seller 49, 523 Seller St, City, State, 50763, +1-555-6564","Buyer 49, 458 Buyer Ave, City, State, 80707, +1-555-2160",PO6996,"Action Figure, Puzzle ","16, 7, 2","41, 177, 230",2355,66,2421,17,364.14,27.71,18,4428.14,INR,Net 30,RTGS,"Bank: XYZ Bank, Acc: 410229632, SWIFT: XYZUS33",Thanks for your business!,"102 Buyer Ave, City, State, 61837","102 Buyer Ave, City, State, 61837"
49,INV050,2023-09-13 00:00:00,2023-10-13 00:00:00,"Seller 50, 44 Seller St, City, State, 85865, +1-555-6978","Buyer 50, 84 Buyer Ave, City, State, 36861, +1-555-1405",PO8840,"Rice, Noodles, Cheese","19, 4, 5","74, 75, 245",2931,12,2943,49,193.68,20.6,23,2368.68,INR,Net 30,UPI,"Bank: XYZ Bank, Acc: 675321091, SWIFT: XYZUS33",Thanks for your business!,"712 Buyer Ave, City, State, 66618","712 Buyer Ave, City, State, 66618"
50,INV051,2023-10-29 00:00:00,2023-11-14 00:00:00,"Seller 51, 793 Seller St, City, State, 50599, +1-555-1022","Buyer 51, 48 Buyer Ave, City, State, 17451, +1-555-2220",PO8954,"Action Figure, Puzzle ","6, 6, 2","77, 193, 148",1916,86,2002,70,298.53,15.18,36,3651.53,INR,Net 30,NEFT,"Bank: XYZ Bank, Acc: 467294919, SWIFT: XYZUS33",Thanks for your business!,"412 Buyer Ave, City, State, 77094","412 Buyer Ave, City, State, 77094"
51,INV052,2023-03-20 00:00:00,2023-04-30 00:00:00,"Seller 52, 971 Seller St, City, State, 51264, +1-555-8710","Buyer 52, 366 Buyer Ave, City, State, 74963, +1-555-6150",PO9801," Bottles, Bulb, Mouse","8, 10, 2","61, 164, 376",2880,95,2975,12,441.81,22.57,48,5398.81,INR,Net 30,Credit Card,"Bank: XYZ Bank, Acc: 569181297, SWIFT: XYZUS33",Thanks for your business!,"519 Buyer Ave, City, State, 36191","519 Buyer Ave, City, State, 36191"
52,INV053,2023-08-07 00:00:00,2023-09-14 00:00:00,"Seller 53, 778 Seller St, City, State, 10097, +1-555-4375","Buyer 53, 461 Buyer Ave, City, State, 96480, +1-555-1131",PO5160," Bottles, Bulb, Mouse","18, 1, 3","76, 138, 408",2730,12,2742,81,188.28,27.93,36,2316.28,INR,Net 30,Debit Card,"Bank: XYZ Bank, Acc: 842756098, SWIFT: XYZUS33",Thanks for your business!,"271 Buyer Ave, City, State, 32542","271 Buyer Ave, City, State, 32542"
53,INV054,2023-05-18 00:00:00,2023-06-03 00:00:00,"Seller 54, 80 Seller St, City, State, 71139, +1-555-2550","Buyer 54, 559 Buyer Ave, City, State, 88205, +1-555-7698",PO2220,"Camera, Watch, Mouse","15, 3, 3","82, 129, 211",2250,47,2297,88,398.61,6.67,26,4853.61,INR,Net 30,Debit Card,"Bank: XYZ Bank, Acc: 792732590, SWIFT: XYZUS33",Thanks for your business!,"613 Buyer Ave, City, State, 78738","613 Buyer Ave, City, State, 78738"
54,INV055,2023-05-06 00:00:00,2023-06-02 00:00:00,"Seller 55, 785 Seller St, City, State, 36474, +1-555-2497","Buyer 55, 999 Buyer Ave, City, State, 22436, +1-555-6590",PO4816,"TV, Toaster, Hairdryer","9, 10, 4","37, 58, 279",2029,47,2076,90,337.41,6.23,48,4134.41,INR,Net 30,UPI,"Bank: XYZ Bank, Acc: 347319115, SWIFT: XYZUS33",Thanks for your business!,"670 Buyer Ave, City, State, 14483","670 Buyer Ave, City, State, 14483"
55,INV056,2023-01-15 00:00:00,2023-02-28 00:00:00,"Seller 56, 307 Seller St, City, State, 93476, +1-555-4129","Buyer 56, 788 Buyer Ave, City, State, 79113, +1-555-5830",PO1096," Bottles, Bulb, Mouse","14, 7, 5","23, 76, 361",2659,47,2706,26,236.61,13.43,33,2898.61,INR,Net 30,RTGS,"Bank: XYZ Bank, Acc: 544783131, SWIFT: XYZUS33",Thanks for your business!,"920 Buyer Ave, City, State, 30965","920 Buyer Ave, City, State, 30965"
56,INV057,2023-11-23 00:00:00,2023-12-29 00:00:00,"Seller 57, 7 Seller St, City, State, 52543, +1-555-3384","Buyer 57, 878 Buyer Ave, City, State, 69234, +1-555-1515",PO5306,"Bulb, Mouse, Pendrives","18, 5, 5","29, 131, 327",2812,62,2874,65,170.64,24.66,27,2093.64,INR,Net 30,Debit Card,"Bank: XYZ Bank, Acc: 776159563, SWIFT: XYZUS33",Thanks for your business!,"39 Buyer Ave, City, State, 17343","39 Buyer Ave, City, State, 17343"
57,INV058,2023-11-19 00:00:00,2023-12-16 00:00:00,"Seller 58, 264 Seller St, City, State, 50696, +1-555-8216","Buyer 58, 935 Buyer Ave, City, State, 90353, +1-555-1370",PO4712,"Camera, Watch, Mouse","11, 5, 5","42, 115, 341",2742,26,2768,100,413.37,16.24,25,5031.37,INR,Net 30,Debit Card,"Bank: XYZ Bank, Acc: 936383509, SWIFT: XYZUS33",Thanks for your business!,"113 Buyer Ave, City, State, 37342","113 Buyer Ave, City, State, 37342"
58,INV059,2023-12-29 00:00:00,2024-02-06 00:00:00,"Seller 59, 26 Seller St, City, State, 75873, +1-555-6321","Buyer 59, 975 Buyer Ave, City, State, 29965, +1-555-4811",PO1826,"Action Figure, Puzzle ","7, 10, 2","24, 192, 238",2564,72,2636,52,417.06,17.53,26,5077.06,INR,Net 30,Debit Card,"Bank: XYZ Bank, Acc: 634127234, SWIFT: XYZUS33",Thanks for your business!,"923 Buyer Ave, City, State, 25695","923 Buyer Ave, City, State, 25695"
59,INV060,2023-05-12 00:00:00,2023-06-20 00:00:00,"Seller 60, 481 Seller St, City, State, 30425, +1-555-9752","Buyer 60, 618 Buyer Ave, City, State, 52035, +1-555-9217",PO4784,"Action Figure, Puzzle ","16, 1, 4","20, 147, 123",959,78,1037,56,432.81,14.1,28,5269.81,INR,Net 30,UPI,"Bank: XYZ Bank, Acc: 346350543, SWIFT: XYZUS33",Thanks for your business!,"74 Buyer Ave, City, State, 47426","74 Buyer Ave, City, State, 47426"
60,INV061,2023-02-12 00:00:00,2023-03-28 00:00:00,"Seller 61, 805 Seller St, City, State, 92729, +1-555-3756","Buyer 61, 852 Buyer Ave, City, State, 33613, +1-555-3979",PO5328," Bottles, Bulb, Mouse","15, 4, 2","39, 73, 317",1511,23,1534,49,379.98,26.87,22,4623.98,INR,Net 30,UPI,"Bank: XYZ Bank, Acc: 854677690, SWIFT: XYZUS33",Thanks for your business!,"4 Buyer Ave, City, State, 51609","4 Buyer Ave, City, State, 51609"
61,INV062,2023-06-29 00:00:00,2023-08-10 00:00:00,"Seller 62, 85 Seller St, City, State, 43499, +1-555-6850","Buyer 62, 56 Buyer Ave, City, State, 39062, +1-555-8145",PO2495,"Rice, Noodles, Cheese","8, 2, 3","80, 54, 483",2197,75,2272,55,177.39,5.84,15,2163.39,INR,Net 30,NEFT,"Bank: XYZ Bank, Acc: 552492491, SWIFT: XYZUS33",Thanks for your business!,"69 Buyer Ave, City, State, 80727","69 Buyer Ave, City, State, 80727"
62,INV063,2023-08-22 00:00:00,2023-09-28 00:00:00,"Seller 63, 164 Seller St, City, State, 62133, +1-555-7809","Buyer 63, 311 Buyer Ave, City, State, 51383, +1-555-3639",PO4425,"Table, Chair, Desk","9, 1, 5","51, 118, 140",1277,61,1338,48,192.78,25.49,50,2384.78,INR,Net 30,Internet Banking,"Bank: XYZ Bank, Acc: 231225548, SWIFT: XYZUS33",Thanks for your business!,"469 Buyer Ave, City, State, 78999","469 Buyer Ave, City, State, 78999"
63,INV064,2023-10-04 00:00:00,2023-10-23 00:00:00,"Seller 64, 889 Seller St, City, State, 38501, +1-555-5244","Buyer 64, 589 Buyer Ave, City, State, 63803, +1-555-3964",PO8639,"Shirt, Pants, Jacket","11, 9, 4","50, 198, 424",4028,96,4124,79,428.13,24.76,23,5208.13,INR,Net 30,UPI,"Bank: XYZ Bank, Acc: 673010841, SWIFT: XYZUS33",Thanks for your business!,"257 Buyer Ave, City, State, 30345","257 Buyer Ave, City, State, 30345"
64,INV065,2023-04-18 00:00:00,2023-05-06 00:00:00,"Seller 65, 141 Seller St, City, State, 81425, +1-555-1118","Buyer 65, 487 Buyer Ave, City, State, 85228, +1-555-9307",PO4225,"Rice, Noodles, Cheese","12, 4, 1","31, 188, 169",1293,90,1383,17,323.19,5.09,12,3926.19,INR,Net 30,Debit Card,"Bank: XYZ Bank, Acc: 782857560, SWIFT: XYZUS33",Thanks for your business!,"648 Buyer Ave, City, State, 19284","648 Buyer Ave, City, State, 19284"
65,INV066,2023-04-17 00:00:00,2023-05-16 00:00:00,"Seller 66, 496 Seller St, City, State, 25236, +1-555-5792","Buyer 66, 444 Buyer Ave, City, State, 27005, +1-555-5783",PO1715,"TV, Toaster, Hairdryer","2, 8, 3","29, 186, 148",1990,21,2011,19,94.5,7.8,34,1178.5,INR,Net 30,RTGS,"Bank: XYZ Bank, Acc: 621959060, SWIFT: XYZUS33",Thanks for your business!,"769 Buyer Ave, City, State, 71979","769 Buyer Ave, City, State, 71979"
66,INV067,2023-04-18 00:00:00,2023-05-18 00:00:00,"Seller 67, 543 Seller St, City, State, 48035, +1-555-6394","Buyer 67, 371 Buyer Ave, City, State, 72325, +1-555-6399",PO7873," Bottles, Bulb, Mouse","4, 6, 5","62, 94, 132",1472,80,1552,88,217.26,28.43,26,2657.26,INR,Net 30,Credit Card,"Bank: XYZ Bank, Acc: 839282022, SWIFT: XYZUS33",Thanks for your business!,"115 Buyer Ave, City, State, 18432","115 Buyer Ave, City, State, 18432"
67,INV068,2023-04-14 00:00:00,2023-05-28 00:00:00,"Seller 68, 35 Seller St, City, State, 40930, +1-555-1011","Buyer 68, 242 Buyer Ave, City, State, 74010, +1-555-2012",PO3590,"Rice, Noodles, Cheese","20, 10, 1","55, 178, 152",3032,69,3101,43,379.44,26.76,29,4624.44,INR,Net 30,NEFT,"Bank: XYZ Bank, Acc: 356592163, SWIFT: XYZUS33",Thanks for your business!,"324 Buyer Ave, City, State, 36681","324 Buyer Ave, City, State, 36681"
68,INV069,2023-06-30 00:00:00,2023-08-11 00:00:00,"Seller 69, 528 Seller St, City, State, 19206, +1-555-7897","Buyer 69, 714 Buyer Ave, City, State, 18613, +1-555-5621",PO3545,"Camera, Watch, Mouse","1, 7, 5","34, 148, 328",2710,53,2763,39,444.96,17.39,27,5415.96,INR,Net 30,Credit Card,"Bank: XYZ Bank, Acc: 663131263, SWIFT: XYZUS33",Thanks for your business!,"494 Buyer Ave, City, State, 55721","494 Buyer Ave, City, State, 55721"
69,INV070,2023-12-31 00:00:00,2024-02-05 00:00:00,"Seller 70, 182 Seller St, City, State, 46584, +1-555-6750","Buyer 70, 518 Buyer Ave, City, State, 43824, +1-555-2359",PO6953,"Action Figure, Puzzle ","13, 7, 1","84, 127, 220",2201,16,2217,79,433.35,17.05,19,5267.35,INR,Net 30,NEFT,"Bank: XYZ Bank, Acc: 609018663, SWIFT: XYZUS33",Thanks for your business!,"247 Buyer Ave, City, State, 56566","247 Buyer Ave, City, State, 56566"
70,INV071,2023-01-22 00:00:00,2023-02-07 00:00:00,"Seller 71, 13 Seller St, City, State, 78771, +1-555-7553","Buyer 71, 850 Buyer Ave, City, State, 32265, +1-555-7494",PO1138,"TV, Toaster, Hairdryer","4, 2, 1","52, 50, 180",488,44,532,34,141.57,10.76,38,1752.57,INR,Net 30,Debit Card,"Bank: XYZ Bank, Acc: 451244753, SWIFT: XYZUS33",Thanks for your business!,"128 Buyer Ave, City, State, 32119","128 Buyer Ave, City, State, 32119"
71,INV072,2023-07-04 00:00:00,2023-07-30 00:00:00,"Seller 72, 281 Seller St, City, State, 74874, +1-555-3242","Buyer 72, 474 Buyer Ave, City, State, 84250, +1-555-7573",PO6162,"Shirt, Pants, Jacket","1, 1, 1","44, 112, 311",467,56,523,38,184.41,8.24,26,2259.41,INR,Net 30,Debit Card,"Bank: XYZ Bank, Acc: 804496680, SWIFT: XYZUS33",Thanks for your business!,"134 Buyer Ave, City, State, 60853","134 Buyer Ave, City, State, 60853"
72,INV073,2023-01-25 00:00:00,2023-02-14 00:00:00,"Seller 73, 40 Seller St, City, State, 52409, +1-555-4237","Buyer 73, 315 Buyer Ave, City, State, 19836, +1-555-4242",PO5357,"Table, Chair, Desk","6, 6, 4","45, 130, 382",2578,21,2599,13,341.73,16.86,26,4164.73,INR,Net 30,RTGS,"Bank: XYZ Bank, Acc: 423295348, SWIFT: XYZUS33",Thanks for your business!,"34 Buyer Ave, City, State, 38908","34 Buyer Ave, City, State, 38908"
73,INV074,2023-01-02 00:00:00,2023-01-19 00:00:00,"Seller 74, 952 Seller St, City, State, 16592, +1-555-7778","Buyer 74, 278 Buyer Ave, City, State, 24786, +1-555-6820",PO7541,"Shirt, Pants, Jacket","13, 6, 4","62, 105, 442",3204,42,3246,79,128.25,18.12,24,1577.25,INR,Net 30,NEFT,"Bank: XYZ Bank, Acc: 432720446, SWIFT: XYZUS33",Thanks for your business!,"481 Buyer Ave, City, State, 93789","481 Buyer Ave, City, State, 93789"
74,INV075,2023-01-17 00:00:00,2023-02-21 00:00:00,"Seller 75, 329 Seller St, City, State, 74978, +1-555-6030","Buyer 75, 839 Buyer Ave, City, State, 31727, +1-555-8545",PO4033,"Bulb, Mouse, Pendrives","20, 2, 5","66, 162, 154",2414,77,2491,47,407.43,19.34,21,4955.43,INR,Net 30,RTGS,"Bank: XYZ Bank, Acc: 678709557, SWIFT: XYZUS33",Thanks for your business!,"830 Buyer Ave, City, State, 82087","830 Buyer Ave, City, State, 82087"
75,INV076,2023-05-03 00:00:00,2023-06-08 00:00:00,"Seller 76, 439 Seller St, City, State, 43142, +1-555-5751","Buyer 76, 19 Buyer Ave, City, State, 57702, +1-555-7749",PO4935,"Camera, Watch, Mouse","6, 2, 3","30, 176, 175",1057,48,1105,87,131.49,9.8,47,1639.49,INR,Net 30,Credit Card,"Bank: XYZ Bank, Acc: 640793513, SWIFT: XYZUS33",Thanks for your business!,"936 Buyer Ave, City, State, 78489","936 Buyer Ave, City, State, 78489"
76,INV077,2023-03-11 00:00:00,2023-04-07 00:00:00,"Seller 77, 467 Seller St, City, State, 61056, +1-555-7830","Buyer 77, 200 Buyer Ave, City, State, 16627, +1-555-8598",PO9632," Bottles, Bulb, Mouse","4, 6, 1","62, 181, 450",1784,37,1821,31,355.41,6.29,49,4353.41,INR,Net 30,NEFT,"Bank: XYZ Bank, Acc: 944702998, SWIFT: XYZUS33",Thanks for your business!,"773 Buyer Ave, City, State, 71463","773 Buyer Ave, City, State, 71463"
77,INV078,2023-03-24 00:00:00,2023-04-24 00:00:00,"Seller 78, 965 Seller St, City, State, 59552, +1-555-8741","Buyer 78, 441 Buyer Ave, City, State, 42943, +1-555-1837",PO9010,"Bulb, Mouse, Pendrives","14, 8, 3","25, 73, 396",2122,73,2195,84,430.92,28.37,16,5234.92,INR,Net 30,Credit Card,"Bank: XYZ Bank, Acc: 897393318, SWIFT: XYZUS33",Thanks for your business!,"478 Buyer Ave, City, State, 97730","478 Buyer Ave, City, State, 97730"
78,INV079,2023-10-24 00:00:00,2023-11-26 00:00:00,"Seller 79, 129 Seller St, City, State, 23144, +1-555-1543","Buyer 79, 420 Buyer Ave, City, State, 33278, +1-555-1684",PO5712,"Shirt, Pants, Jacket","16, 9, 1","62, 129, 287",2440,57,2497,44,247.5,18.26,43,3040.5,INR,Net 30,Credit Card,"Bank: XYZ Bank, Acc: 483713225, SWIFT: XYZUS33",Thanks for your business!,"837 Buyer Ave, City, State, 69447","837 Buyer Ave, City, State, 69447"
79,INV080,2023-11-18 00:00:00,2023-12-28 00:00:00,"Seller 80, 43 Seller St, City, State, 48013, +1-555-5302","Buyer 80, 495 Buyer Ave, City, State, 88263, +1-555-6961",PO3988," Bottles, Bulb, Mouse","1, 6, 1","99, 169, 374",1487,84,1571,86,166.14,28.75,20,2032.14,INR,Net 30,Debit Card,"Bank: XYZ Bank, Acc: 563616611, SWIFT: XYZUS33",Thanks for your business!,"144 Buyer Ave, City, State, 54331","144 Buyer Ave, City, State, 54331"
80,INV081,2023-10-06 00:00:00,2023-10-24 00:00:00,"Seller 81, 237 Seller St, City, State, 67308, +1-555-4647","Buyer 81, 900 Buyer Ave, City, State, 76801, +1-555-7913",PO7588,"TV, Toaster, Hairdryer","1, 4, 3","71, 59, 228",991,50,1041,92,299.16,6.46,40,3663.16,INR,Net 30,Debit Card,"Bank: XYZ Bank, Acc: 106745852, SWIFT: XYZUS33",Thanks for your business!,"288 Buyer Ave, City, State, 29537","288 Buyer Ave, City, State, 29537"
81,INV082,2023-07-29 00:00:00,2023-08-29 00:00:00,"Seller 82, 73 Seller St, City, State, 21952, +1-555-8480","Buyer 82, 59 Buyer Ave, City, State, 61416, +1-555-8300",PO6397," Bottles, Bulb, Mouse","5, 10, 1","91, 54, 464",1459,87,1546,93,379.62,14.47,38,4635.62,INR,Net 30,RTGS,"Bank: XYZ Bank, Acc: 619314168, SWIFT: XYZUS33",Thanks for your business!,"917 Buyer Ave, City, State, 18019","917 Buyer Ave, City, State, 18019"
82,INV083,2023-02-12 00:00:00,2023-03-02 00:00:00,"Seller 83, 20 Seller St, City, State, 68357, +1-555-4959","Buyer 83, 432 Buyer Ave, City, State, 19678, +1-555-9246",PO8004,"Camera, Watch, Mouse","2, 6, 5","54, 72, 374",2410,22,2432,39,340.02,23.01,37,4155.02,INR,Net 30,RTGS,"Bank: XYZ Bank, Acc: 621517005, SWIFT: XYZUS33",Thanks for your business!,"147 Buyer Ave, City, State, 31296","147 Buyer Ave, City, State, 31296"
83,INV084,2023-12-27 00:00:00,2024-01-30 00:00:00,"Seller 84, 813 Seller St, City, State, 32232, +1-555-7327","Buyer 84, 136 Buyer Ave, City, State, 44989, +1-555-7953",PO5792,"Camera, Watch, Mouse","5, 5, 4","20, 164, 319",2196,69,2265,12,210.51,8.74,14,2563.51,INR,Net 30,NEFT,"Bank: XYZ Bank, Acc: 458962606, SWIFT: XYZUS33",Thanks for your business!,"960 Buyer Ave, City, State, 72451","960 Buyer Ave, City, State, 72451"
84,INV085,2023-04-10 00:00:00,2023-05-10 00:00:00,"Seller 85, 362 Seller St, City, State, 28454, +1-555-9578","Buyer 85, 200 Buyer Ave, City, State, 60498, +1-555-7917",PO1816,"Rice, Noodles, Cheese","9, 4, 3","86, 149, 423",2639,77,2716,41,155.61,19.21,41,1925.61,INR,Net 30,NEFT,"Bank: XYZ Bank, Acc: 876073071, SWIFT: XYZUS33",Thanks for your business!,"132 Buyer Ave, City, State, 39259","132 Buyer Ave, City, State, 39259"
85,INV086,2023-01-28 00:00:00,2023-03-14 00:00:00,"Seller 86, 797 Seller St, City, State, 33703, +1-555-6299","Buyer 86, 443 Buyer Ave, City, State, 93233, +1-555-7668",PO4140," Bottles, Bulb, Mouse","18, 1, 2","66, 164, 223",1798,91,1889,37,139.41,18.59,50,1738.41,INR,Net 30,Internet Banking,"Bank: XYZ Bank, Acc: 754813325, SWIFT: XYZUS33",Thanks for your business!,"913 Buyer Ave, City, State, 26105","913 Buyer Ave, City, State, 26105"
86,INV087,2023-07-02 00:00:00,2023-08-10 00:00:00,"Seller 87, 254 Seller St, City, State, 58046, +1-555-5567","Buyer 87, 624 Buyer Ave, City, State, 76433, +1-555-3955",PO3118,"Rice, Noodles, Cheese","16, 7, 5","81, 199, 451",4944,10,4954,41,361.26,11.77,27,4402.26,INR,Net 30,RTGS,"Bank: XYZ Bank, Acc: 786418614, SWIFT: XYZUS33",Thanks for your business!,"470 Buyer Ave, City, State, 13133","470 Buyer Ave, City, State, 13133"
87,INV088,2023-02-22 00:00:00,2023-03-28 00:00:00,"Seller 88, 821 Seller St, City, State, 46620, +1-555-2855","Buyer 88, 161 Buyer Ave, City, State, 83171, +1-555-9580",PO1786,"TV, Toaster, Hairdryer","6, 8, 1","80, 73, 146",1210,73,1283,10,454.5,27.64,45,5549.5,INR,Net 30,UPI,"Bank: XYZ Bank, Acc: 197478218, SWIFT: XYZUS33",Thanks for your business!,"456 Buyer Ave, City, State, 62506","456 Buyer Ave, City, State, 62506"
88,INV089,2023-02-20 00:00:00,2023-03-18 00:00:00,"Seller 89, 440 Seller St, City, State, 67813, +1-555-6169","Buyer 89, 279 Buyer Ave, City, State, 22408, +1-555-5214",PO3855,"Camera, Watch, Mouse","20, 6, 5","57, 123, 322",3488,81,3569,24,445.95,23.25,30,5430.95,INR,Net 30,NEFT,"Bank: XYZ Bank, Acc: 404264791, SWIFT: XYZUS33",Thanks for your business!,"689 Buyer Ave, City, State, 30884","689 Buyer Ave, City, State, 30884"
89,INV090,2023-05-11 00:00:00,2023-05-28 00:00:00,"Seller 90, 453 Seller St, City, State, 80353, +1-555-2803","Buyer 90, 170 Buyer Ave, City, State, 75539, +1-555-6390",PO5780,"Shirt, Pants, Jacket","6, 4, 5","88, 99, 270",2274,87,2361,89,157.14,28.04,28,1931.14,INR,Net 30,Internet Banking,"Bank: XYZ Bank, Acc: 129894792, SWIFT: XYZUS33",Thanks for your business!,"677 Buyer Ave, City, State, 66102","677 Buyer Ave, City, State, 66102"
90,INV091,2023-05-24 00:00:00,2023-06-08 00:00:00,"Seller 91, 10 Seller St, City, State, 45871, +1-555-1250","Buyer 91, 421 Buyer Ave, City, State, 50297, +1-555-4283",PO1923,"TV, Toaster, Hairdryer","18, 9, 1","97, 75, 429",2850,20,2870,100,409.41,18.25,46,5004.41,INR,Net 30,Debit Card,"Bank: XYZ Bank, Acc: 728350611, SWIFT: XYZUS33",Thanks for your business!,"712 Buyer Ave, City, State, 45393","712 Buyer Ave, City, State, 45393"
91,INV092,2023-05-09 00:00:00,2023-06-20 00:00:00,"Seller 92, 679 Seller St, City, State, 53842, +1-555-5460","Buyer 92, 206 Buyer Ave, City, State, 78787, +1-555-9391",PO5558,"Bulb, Mouse, Pendrives","7, 1, 4","99, 161, 165",1514,25,1539,10,198.81,20.62,14,2421.81,INR,Net 30,RTGS,"Bank: XYZ Bank, Acc: 153749770, SWIFT: XYZUS33",Thanks for your business!,"785 Buyer Ave, City, State, 33108","785 Buyer Ave, City, State, 33108"
92,INV093,2023-03-25 00:00:00,2023-05-01 00:00:00,"Seller 93, 454 Seller St, City, State, 63113, +1-555-6342","Buyer 93, 226 Buyer Ave, City, State, 95229, +1-555-2584",PO6468,"Table, Chair, Desk","7, 4, 2","23, 92, 451",1431,100,1531,48,432.54,24.83,21,5259.54,INR,Net 30,UPI,"Bank: XYZ Bank, Acc: 293309537, SWIFT: XYZUS33",Thanks for your business!,"202 Buyer Ave, City, State, 82770","202 Buyer Ave, City, State, 82770"
93,INV094,2023-09-22 00:00:00,2023-10-29 00:00:00,"Seller 94, 722 Seller St, City, State, 13780, +1-555-3411","Buyer 94, 207 Buyer Ave, City, State, 21151, +1-555-1495",PO9144,"Camera, Watch, Mouse","7, 9, 3","33, 93, 398",2262,95,2357,62,173.43,16.07,18,2118.43,INR,Net 30,NEFT,"Bank: XYZ Bank, Acc: 373777032, SWIFT: XYZUS33",Thanks for your business!,"565 Buyer Ave, City, State, 73689","565 Buyer Ave, City, State, 73689"
94,INV095,2023-07-08 00:00:00,2023-08-12 00:00:00,"Seller 95, 747 Seller St, City, State, 53692, +1-555-4659","Buyer 95, 955 Buyer Ave, City, State, 91067, +1-555-1119",PO5241,"Table, Chair, Desk","2, 4, 1","94, 77, 281",777,25,802,47,232.65,28.4,39,2856.65,INR,Net 30,Internet Banking,"Bank: XYZ Bank, Acc: 357829924, SWIFT: XYZUS33",Thanks for your business!,"700 Buyer Ave, City, State, 14505","700 Buyer Ave, City, State, 14505"
95,INV096,2023-06-30 00:00:00,2023-07-20 00:00:00,"Seller 96, 645 Seller St, City, State, 31335, +1-555-3727","Buyer 96, 202 Buyer Ave, City, State, 17315, +1-555-2366",PO8111,"Table, Chair, Desk","5, 2, 1","62, 92, 478",972,91,1063,72,276.75,9.76,24,3375.75,INR,Net 30,Debit Card,"Bank: XYZ Bank, Acc: 773357980, SWIFT: XYZUS33",Thanks for your business!,"683 Buyer Ave, City, State, 69255","683 Buyer Ave, City, State, 69255"
96,INV097,2023-06-09 00:00:00,2023-07-10 00:00:00,"Seller 97, 694 Seller St, City, State, 50483, +1-555-8848","Buyer 97, 283 Buyer Ave, City, State, 70983, +1-555-5416",PO5286,"Action Figure, Puzzle ","20, 9, 4","30, 129, 124",2257,49,2306,42,296.01,24.69,36,3621.01,INR,Net 30,UPI,"Bank: XYZ Bank, Acc: 958700350, SWIFT: XYZUS33",Thanks for your business!,"345 Buyer Ave, City, State, 91789","345 Buyer Ave, City, State, 91789"
97,INV098,2023-12-21 00:00:00,2024-01-30 00:00:00,"Seller 98, 192 Seller St, City, State, 22645, +1-555-5105","Buyer 98, 641 Buyer Ave, City, State, 40438, +1-555-4577",PO2933,"TV, Toaster, Hairdryer","20, 8, 3","74, 96, 463",3637,35,3672,39,236.79,20.64,37,2904.79,INR,Net 30,Debit Card,"Bank: XYZ Bank, Acc: 628383212, SWIFT: XYZUS33",Thanks for your business!,"708 Buyer Ave, City, State, 34161","708 Buyer Ave, City, State, 34161"
98,INV099,2023-09-25 00:00:00,2023-11-07 00:00:00,"Seller 99, 261 Seller St, City, State, 59295, +1-555-8438","Buyer 99, 234 Buyer Ave, City, State, 76454, +1-555-5970",PO9302,"Rice, Noodles, Cheese","8, 3, 1","35, 99, 128",705,75,780,18,252.9,11.3,31,3093.9,INR,Net 30,UPI,"Bank: XYZ Bank, Acc: 416952587, SWIFT: XYZUS33",Thanks for your business!,"523 Buyer Ave, City, State, 72473","523 Buyer Ave, City, State, 72473"
99,INV100,2023-01-25 00:00:00,2023-02-15 00:00:00,"Seller 100, 896 Seller St, City, State, 97150, +1-555-8558","Buyer 100, 50 Buyer Ave, City, State, 42177, +1-555-4155",PO8958,"TV, Toaster, Hairdryer","5, 10, 3","42, 189, 297",2991,24,3015,50,147.33,22.17,31,1815.33,INR,Net 30,Internet Banking,"Bank: XYZ Bank, Acc: 810351911, SWIFT: XYZUS33",Thanks for your business!,"587 Buyer Ave, City, State, 85090","587 Buyer Ave, City, State, 85090"
